image_id,source_image_path,filename,sha256,width,height,source_page,duplicate_of,setup_type,ticker,timeframe,base_quality,volume_notes,relative_strength_notes,buy_point_notes,failure_warnings,model_lesson,outcome_note,confidence,review_status
canslim-001,Chart Setups/Screenshot 2026-06-27 at 3.59.16 PM.png,Screenshot 2026-06-27 at 3.59.16 PM.png,9abbfd010de608cf81a032d4ccfd3b320686ac688999da7f8cb8b187415dac20,3644,2370,11,,cup with handle,Tennessee Coal & Iron,weekly,Shorter constructive cup-with-handle after earlier consolidation; handle formed near the pivot with tight price action.,Volume expanded on the breakout after a quieter base area.,,Buy marked as price clears the handle area and starts a sustained advance.,Avoid late entries after the move is extended far above the moving average.,A compact weekly cup-with-handle can launch a major move when the breakout comes with volume support.,Book chart notes a 265% advance in 39 weeks.,high,labeled_seed
canslim-002,Chart Setups/Screenshot 2026-06-27 at 3.59.23 PM.png,Screenshot 2026-06-27 at 3.59.23 PM.png,19c54406d705e293892fe289eba52c1d680a71cf4a8a028ccccdae463db6e577,3644,2370,12,,double bottom; cup with handle add-on,Northern Pacific,weekly,Long double-bottom structure followed by a later 10-week cup-with-handle add-on area.,Volume increased materially as the advance developed.,"Relative strength line was uptrending versus the Dow, showing outperformance.",Initial buy marked after the double-bottom breakout; add-on marked near the later 10-week cup-with-handle.,"Chart later shows a climax top, so strength required sell discipline after the advance became vertical.",Strong leaders can offer an initial base breakout and later add-on entries while relative strength confirms leadership.,Book chart notes an 1181% advance in 29 weeks.,high,labeled_seed
canslim-003,Chart Setups/Screenshot 2026-06-27 at 3.59.27 PM.png,Screenshot 2026-06-27 at 3.59.27 PM.png,6962f4525f97a6b00b91dc02243d2976a85f24a8dca409666dd35bc2576edb99,3644,2370,13,,long base; high tight flag,Bethlehem Steel,weekly,"Large multi-month base during a difficult market period, followed by a powerful advance and a later 6-week high tight flag.",Volume expanded during the breakout and early advance.,Relative strength line surged with price after the market correction ended.,First buy marked as price clears the long base; second buy marked on the first pullback to the 10-week moving average.,Later climax-top area is marked as a sell zone after a very steep run.,Major leaders can emerge from long bases after market corrections and may offer early 10-week pullback entries.,Book chart notes a 1479% advance in 99 weeks.,high,labeled_seed
canslim-004,Chart Setups/Screenshot 2026-06-27 at 3.59.44 PM.png,Screenshot 2026-06-27 at 3.59.44 PM.png,9ec314e866835f4479b8f0d0f6511f441c597f54ff4ac93bce4e2e341611125f,3644,2370,14,,long base; tight-price add-on,General Motors,weekly,"Nine-month base before the buy point, then a later short base with four tight weekly closes.",Big volume appeared at the buy point.,Relative strength improved sharply as the stock broke out and advanced.,Buy marked on breakout from the long base; add-on marked after the tight-price base.,Avoid chasing after the stock becomes extended from the moving average.,A long base with volume confirmation can start a major move; tight closes can create a controlled add-on point.,Book chart notes a 471% advance in 39 weeks.,high,labeled_seed
canslim-005,Chart Setups/Screenshot 2026-06-27 at 3.59.48 PM.png,Screenshot 2026-06-27 at 3.59.48 PM.png,7b87a15a0b5127983ca3d04fdbb36775b8b6bf6487aac86b0259cf1381c2b39c,3644,2370,14,canslim-004,duplicate,General Motors,weekly,Duplicate capture of canslim-004.,Duplicate capture of canslim-004.,Duplicate capture of canslim-004.,Duplicate capture of canslim-004.,Do not count as a separate model example.,Duplicate image retained for source traceability.,Duplicate of page 14 General Motors example.,high,duplicate
canslim-006,Chart Setups/Screenshot 2026-06-27 at 3.59.52 PM.png,Screenshot 2026-06-27 at 3.59.52 PM.png,51ff6228242b9b760c137cd60e90776126b894195d1743488693c84b3a712b05,3644,2370,15,,cup with handle; saucer with handle,S.S. Kresge,weekly,Early 14-week cup-with-handle followed by a longer 22-week saucer-with-handle as the stock stair-stepped higher.,Volume increased at key breakout areas and later rose again during the advance.,Relative strength line trended higher with the stock during the long advance.,Buy points are marked at the cup-with-handle breakout and later saucer-with-handle breakout; add-on noted near the 10-week line.,The chart notes selling into a prolonged move if price rises too far above its trend line.,Multiple constructive bases can appear during a long leader run; add-ons should be tied to proper bases or 10-week support.,Book chart notes an 836% advance in 154 weeks.,high,labeled_seed
canslim-007,Chart Setups/Screenshot 2026-06-27 at 3.59.57 PM.png,Screenshot 2026-06-27 at 3.59.57 PM.png,3c27c7d8ebb8066ddf67d654db2d564ad96bcae604ef2758fdf2befac58994c7,3644,2370,15,canslim-006,duplicate,S.S. Kresge,weekly,Duplicate capture of canslim-006.,Duplicate capture of canslim-006.,Duplicate capture of canslim-006.,Duplicate capture of canslim-006.,Do not count as a separate model example.,Duplicate image retained for source traceability.,Duplicate of page 15 S.S. Kresge example.,high,duplicate
canslim-008,Chart Setups/Screenshot 2026-06-27 at 4.00.06 PM.png,Screenshot 2026-06-27 at 4.00.06 PM.png,7f9d077dd60503a4a9ece61a7f843ca33261e0c9c07879d1c2e72aefc1207bf5,3644,2370,16,,long base breakout,Utah Securities,weekly,Long 54-week base leading to a breakout and sustained advance.,Buy week showed a large volume increase.,Relative strength line rose strongly after the breakout.,Buy marked as the stock clears the long base; chart notes that a normal pullback may revisit the buy area without necessarily failing.,The example later marks a climax top after the advance becomes steep.,"A proper base breakout may briefly pull back toward the pivot, so execution should distinguish normal retests from true failure.",Book chart notes a 538% advance in 63 weeks.,high,labeled_seed
canslim-009,Chart Setups/Screenshot 2026-06-27 at 4.00.10 PM.png,Screenshot 2026-06-27 at 4.00.10 PM.png,c9acf71dcc3eafb14f4b2f566ac157868c453975aa0427a961acdcf19af2c717,3644,2370,16,canslim-008,duplicate,Utah Securities,weekly,Duplicate capture of canslim-008.,Duplicate capture of canslim-008.,Duplicate capture of canslim-008.,Duplicate capture of canslim-008.,Do not count as a separate model example.,Duplicate image retained for source traceability.,Duplicate of page 16 Utah Securities example.,high,duplicate
canslim-010,Chart Setups/Screenshot 2026-06-27 at 4.00.16 PM.png,Screenshot 2026-06-27 at 4.00.16 PM.png,fdf93c9ffd890333142e80edc564e290d06c3de8afb89d27709afba6b283e49e,3644,2370,17,,cup with handle; double bottom with handle; flat base,Du Pont de Nemours,weekly,"Sequence of constructive bases, including a 9-week cup-with-handle, a 35-week double-bottom-with-handle, a 20-week cup-with-handle, and a later flat base.",Volume picked up around several buy areas.,Relative strength advanced with price through the base sequence.,Multiple buy points are marked as the stock emerges from each constructive base and later flat base.,The chart marks a climax top after an excessive split-adjusted advance.,A true market leader can build repeated proper bases during a long advance; each new entry still needs a defined pivot and sell plan.,Book chart notes a 1074% advance in 225 weeks.,high,labeled_seed
canslim-011,Chart Setups/Screenshot 2026-06-27 at 4.00.21 PM.png,Screenshot 2026-06-27 at 4.00.21 PM.png,c6093a546ac4468a158de27bc74e5d186f166039c59f015b42841edc8269e545,3644,2370,17,canslim-010,duplicate,Du Pont de Nemours,weekly,Duplicate capture of canslim-010.,Duplicate capture of canslim-010.,Duplicate capture of canslim-010.,Duplicate capture of canslim-010.,Do not count as a separate model example.,Duplicate image retained for source traceability.,Duplicate of page 17 Du Pont de Nemours example.,high,duplicate
canslim-012,Chart Setups/Screenshot 2026-06-27 at 4.00.26 PM.png,Screenshot 2026-06-27 at 4.00.26 PM.png,b28396557877f8205e35e84bc528af77a3f10dab596effb47c3b6050779cd768,3644,2370,19,,saucer with handle; tight-area add-ons,Burroughs Adding Machines,weekly,Long saucer-with-handle structure followed by later tight areas and add-on opportunities.,Volume should be checked around the marked buy/add areas for confirmation.,Relative strength line generally confirms leadership during the advance.,"Use only the marked base breakout, pullback, or add-on area; avoid late entries after extension.","Several examples later mark climax or extended areas, so entry quality still requires sell-rule discipline.","Long, orderly bases and tight follow-on areas can support repeated entries in a durable institutional leader.",Book chart notes a 1392% advance in 168 weeks.,medium,labeled_seed
canslim-013,Chart Setups/Screenshot 2026-06-27 at 4.00.30 PM.png,Screenshot 2026-06-27 at 4.00.30 PM.png,2e80531e79822befb26f69a65e4491925b7a1c34c1df843aeaa268e09d941916,3644,2370,19,canslim-012,duplicate,Burroughs Adding Machines,weekly,Duplicate capture of canslim-012.,Duplicate capture of canslim-012.,Duplicate capture of canslim-012.,Duplicate capture of canslim-012.,Do not count as a separate model example.,Duplicate image retained for source traceability.,Duplicate of page 19 Burroughs Adding Machines example.,high,duplicate
canslim-014,Chart Setups/Screenshot 2026-06-27 at 4.00.44 PM.png,Screenshot 2026-06-27 at 4.00.44 PM.png,19c1d903c475befef0405b503e406229865ec10a38a0212b70cad00f23991df2,3644,2370,24,,cup with handle; add-ons,Deere & Co.,weekly,Annotated weekly model-book leader example with one or more constructive bases during a sustained advance.,Volume should be checked around the marked buy/add areas for confirmation.,Relative strength line generally confirms leadership during the advance.,"Use only the marked base breakout, pullback, or add-on area; avoid late entries after extension.","Several examples later mark climax or extended areas, so entry quality still requires sell-rule discipline.","A leader can recover from a market correction, build a proper base, and then offer add-ons near controlled pullbacks.",Book chart notes a 307% advance in 104 weeks.,medium,labeled_seed
canslim-015,Chart Setups/Screenshot 2026-06-27 at 4.00.50 PM.png,Screenshot 2026-06-27 at 4.00.50 PM.png,6ce4dcf77164abc8385cdab693fc6f0a68a7dcf3c7d989898e32b500ab60d8be,3644,2370,25,,base breakout; 10-week add-ons,Schenley Distilling,weekly,Annotated weekly model-book leader example with one or more constructive bases during a sustained advance.,Volume should be checked around the marked buy/add areas for confirmation.,Relative strength line generally confirms leadership during the advance.,"Use only the marked base breakout, pullback, or add-on area; avoid late entries after extension.","Several examples later mark climax or extended areas, so entry quality still requires sell-rule discipline.",Repeated support near the 10-week line can give lower-risk add points after a valid breakout.,Book chart notes an 1164% advance in 185 weeks.,medium,labeled_seed
canslim-016,Chart Setups/Screenshot 2026-06-27 at 4.01.02 PM.png,Screenshot 2026-06-27 at 4.01.02 PM.png,3b97ef9d63587abbe392f1e7e19995d575301c60646c908949bd4c89e23eb317,3644,2370,26,,cup with handle; base breakout,Conde Nast Publications,weekly,Annotated weekly model-book leader example with one or more constructive bases during a sustained advance.,Volume should be checked around the marked buy/add areas for confirmation.,Relative strength line generally confirms leadership during the advance.,"Use only the marked base breakout, pullback, or add-on area; avoid late entries after extension.","Several examples later mark climax or extended areas, so entry quality still requires sell-rule discipline.",A long base can turn into a major leader when the breakout aligns with improving relative strength and volume.,Book chart notes a 514% advance in 101 weeks.,medium,labeled_seed
canslim-017,Chart Setups/Screenshot 2026-06-27 at 4.01.06 PM.png,Screenshot 2026-06-27 at 4.01.06 PM.png,d9792cfe4f898d84111d547edf12c34b6bb97c02e9c838621e447cc0b54c9097,3644,2370,27,,saucer/base breakout,Gimbel Bros.,weekly,Annotated weekly model-book leader example with one or more constructive bases during a sustained advance.,Volume should be checked around the marked buy/add areas for confirmation.,Relative strength line generally confirms leadership during the advance.,"Use only the marked base breakout, pullback, or add-on area; avoid late entries after extension.","Several examples later mark climax or extended areas, so entry quality still requires sell-rule discipline.","Rounded, constructive bases can work when price tightens and breaks out with institutional demand.",Book chart notes a 674% advance in 103 weeks.,medium,labeled_seed
canslim-018,Chart Setups/Screenshot 2026-06-27 at 4.01.13 PM.png,Screenshot 2026-06-27 at 4.01.13 PM.png,0a5265dc8d60ab97ae9afa94a7726865ea5a0aaaa9cac0abe65fa7756b54a77a,3644,2370,28,,long leader run; add-on bases,Outboard Marine,weekly,Annotated weekly model-book leader example with one or more constructive bases during a sustained advance.,Volume should be checked around the marked buy/add areas for confirmation.,Relative strength line generally confirms leadership during the advance.,"Use only the marked base breakout, pullback, or add-on area; avoid late entries after extension.","Several examples later mark climax or extended areas, so entry quality still requires sell-rule discipline.","A major winner may advance through multiple base-and-add phases, but each add still needs a defined setup.",Book chart notes a 720% advance in 177 weeks.,medium,labeled_seed
canslim-019,Chart Setups/Screenshot 2026-06-27 at 4.01.45 PM.png,Screenshot 2026-06-27 at 4.01.45 PM.png,0d8bad2e201f23e2a4767c13137917020c06fe92cb86ad036ff9f318d9b39af9,3644,2370,29,,base breakout; climax-top sell area,Kaiser Aluminum,weekly,Annotated weekly model-book leader example with one or more constructive bases during a sustained advance.,Volume should be checked around the marked buy/add areas for confirmation.,Relative strength line generally confirms leadership during the advance.,"Use only the marked base breakout, pullback, or add-on area; avoid late entries after extension.","Several examples later mark climax or extended areas, so entry quality still requires sell-rule discipline.",The same chart can teach both proper entry from a base and the need to sell into late-stage climactic action.,Book chart notes a 377% advance in 93 weeks.,medium,labeled_seed
canslim-020,Chart Setups/Screenshot 2026-06-27 at 5.53.43 PM.png,Screenshot 2026-06-27 at 5.53.43 PM.png,fa745e87715aefcd9107999d37f2f76beaafef84d9be2825ee391018545fd5c3,3644,2370,29,canslim-019,duplicate,Kaiser Aluminum,weekly,Duplicate capture of canslim-019.,Duplicate capture of canslim-019.,Duplicate capture of canslim-019.,Duplicate capture of canslim-019.,Do not count as a separate model example.,Duplicate image retained for source traceability.,Duplicate of page 29 Kaiser Aluminum example.,high,duplicate
canslim-021,Chart Setups/Screenshot 2026-06-27 at 5.53.48 PM.png,Screenshot 2026-06-27 at 5.53.48 PM.png,162b2cdda421a4e944a2f4e3d048b341ebad3e0a2a9cff8a38035740918366e8,3644,2370,30,,IPO base; add-on bases,Thiokol Chemical,weekly,Annotated weekly model-book leader example with one or more constructive bases during a sustained advance.,Volume should be checked around the marked buy/add areas for confirmation.,Relative strength line generally confirms leadership during the advance.,"Use only the marked base breakout, pullback, or add-on area; avoid late entries after extension.","Several examples later mark climax or extended areas, so entry quality still requires sell-rule discipline.",Newer leaders can build early IPO-style bases and then stair-step higher through secondary bases.,Book chart notes an 800% advance in 109 weeks.,medium,labeled_seed
canslim-022,Chart Setups/Screenshot 2026-06-27 at 5.53.51 PM.png,Screenshot 2026-06-27 at 5.53.51 PM.png,b9376c31e2904ee67bafb2adf3f8a990473fb949ef0571697bc5a06e5003912e,3644,2370,30,canslim-021,duplicate,Thiokol Chemical,weekly,Duplicate capture of canslim-021.,Duplicate capture of canslim-021.,Duplicate capture of canslim-021.,Duplicate capture of canslim-021.,Do not count as a separate model example.,Duplicate image retained for source traceability.,Duplicate of page 30 Thiokol Chemical example.,high,duplicate
canslim-023,Chart Setups/Screenshot 2026-06-27 at 5.53.54 PM.png,Screenshot 2026-06-27 at 5.53.54 PM.png,c8e284e6188db12def7e27466fbc90cb4d71144b0024f2b1915aa21c4e1f52c4,3644,2370,31,,long leader run; repeated bases,Brunswick,weekly,Annotated weekly model-book leader example with one or more constructive bases during a sustained advance.,Volume should be checked around the marked buy/add areas for confirmation.,Relative strength line generally confirms leadership during the advance.,"Use only the marked base breakout, pullback, or add-on area; avoid late entries after extension.","Several examples later mark climax or extended areas, so entry quality still requires sell-rule discipline.","A long-duration winner can show multiple valid bases, but add-ons should remain tied to structure rather than emotion.",Book chart notes a 1500% advance in 162 weeks.,medium,labeled_seed
canslim-024,Chart Setups/Screenshot 2026-06-27 at 5.53.56 PM.png,Screenshot 2026-06-27 at 5.53.56 PM.png,4624e1c3ab702d5db781ee4b25043525350cb154bec26ce7042384155b6d0b8d,3644,2370,31,canslim-023,duplicate,Brunswick,weekly,Duplicate capture of canslim-023.,Duplicate capture of canslim-023.,Duplicate capture of canslim-023.,Duplicate capture of canslim-023.,Do not count as a separate model example.,Duplicate image retained for source traceability.,Duplicate of page 31 Brunswick example.,high,duplicate
canslim-025,Chart Setups/Screenshot 2026-06-27 at 5.53.59 PM.png,Screenshot 2026-06-27 at 5.53.59 PM.png,aad89cd21246d2a52dad4eac6f852563e47dec045964c1d0c2856ac8551f3654,3644,2370,32,,base breakout; add-ons,Zenith Radio,weekly,Annotated weekly model-book leader example with one or more constructive bases during a sustained advance.,Volume should be checked around the marked buy/add areas for confirmation.,Relative strength line generally confirms leadership during the advance.,"Use only the marked base breakout, pullback, or add-on area; avoid late entries after extension.","Several examples later mark climax or extended areas, so entry quality still requires sell-rule discipline.","Explosive advances often start from quieter bases, then offer add points as the 10-week line catches up.",Book chart notes a 493% advance in 66 weeks.,medium,labeled_seed
canslim-026,Chart Setups/Screenshot 2026-06-27 at 5.54.02 PM.png,Screenshot 2026-06-27 at 5.54.02 PM.png,f345fdaa6152f2723fdac91cabf9e39fa4dee89e51f3780cd1f9307dd45cd636,3644,2370,32,canslim-025,duplicate,Zenith Radio,weekly,Duplicate capture of canslim-025.,Duplicate capture of canslim-025.,Duplicate capture of canslim-025.,Duplicate capture of canslim-025.,Do not count as a separate model example.,Duplicate image retained for source traceability.,Duplicate of page 32 Zenith Radio example.,high,duplicate
canslim-027,Chart Setups/Screenshot 2026-06-27 at 5.54.13 PM.png,Screenshot 2026-06-27 at 5.54.13 PM.png,087624eeb14fbf32c4c8e9920277bef99577845956941737fa2921fd8592b839,3644,2370,33,,long base breakout; add-ons,Texas Instruments,weekly,Annotated weekly model-book leader example with one or more constructive bases during a sustained advance.,Volume should be checked around the marked buy/add areas for confirmation.,Relative strength line generally confirms leadership during the advance.,"Use only the marked base breakout, pullback, or add-on area; avoid late entries after extension.","Several examples later mark climax or extended areas, so entry quality still requires sell-rule discipline.",Strong leadership can persist through normal pullbacks when price respects the moving-average structure.,Book chart notes a 772% advance in 116 weeks.,medium,labeled_seed
canslim-028,Chart Setups/Screenshot 2026-06-27 at 5.54.16 PM.png,Screenshot 2026-06-27 at 5.54.16 PM.png,f6dec5263fe00a8d1fb007508a91916a2a3a97df2d70a4ff86c901fcfc5985b9,3644,2370,33,canslim-027,duplicate,Texas Instruments,weekly,Duplicate capture of canslim-027.,Duplicate capture of canslim-027.,Duplicate capture of canslim-027.,Duplicate capture of canslim-027.,Do not count as a separate model example.,Duplicate image retained for source traceability.,Duplicate of page 33 Texas Instruments example.,high,duplicate
canslim-029,Chart Setups/Screenshot 2026-06-27 at 5.54.30 PM.png,Screenshot 2026-06-27 at 5.54.30 PM.png,e5f81f0e0bae971614d9d8a302f7457fbc28110b7613ab1053db624b30a16856,3644,2370,39,,cup with handle; trendline/add-on entries,National Airlines,weekly,Annotated weekly model-book leader example with one or more constructive bases during a sustained advance.,Volume should be checked around the marked buy/add areas for confirmation.,Relative strength line generally confirms leadership during the advance.,"Use only the marked base breakout, pullback, or add-on area; avoid late entries after extension.","Several examples later mark climax or extended areas, so entry quality still requires sell-rule discipline.","A proper base can start the move, while later controlled pullbacks and trendline areas can support add decisions.",Book chart notes a 1004% advance in 179 weeks.,medium,labeled_seed
canslim-030,Chart Setups/Screenshot 2026-06-27 at 5.54.35 PM.png,Screenshot 2026-06-27 at 5.54.35 PM.png,2afa1489e5f6dba612f1e6281e58bf9e9c7fa162fc524c61714127341e2a3d0b,3644,2370,40,,base breakout; add-on bases,Northwest Airlines,weekly,Annotated weekly model-book leader example with one or more constructive bases during a sustained advance.,Volume should be checked around the marked buy/add areas for confirmation.,Relative strength line generally confirms leadership during the advance.,"Use only the marked base breakout, pullback, or add-on area; avoid late entries after extension.","Several examples later mark climax or extended areas, so entry quality still requires sell-rule discipline.",A leader can compound through repeated bases if entries are taken near pivots and not after obvious extension.,Book chart notes a 1240% advance in 186 weeks.,medium,labeled_seed
canslim-031,Chart Setups/Screenshot 2026-06-27 at 5.54.38 PM.png,Screenshot 2026-06-27 at 5.54.38 PM.png,d3b9bb18d24087b91f4cce3fbdef7fb41dd198df793fa480ba604328d5e00113,3644,2370,41,,IPO-style leader; base breakout,Xerox,weekly,Annotated weekly model-book leader example with one or more constructive bases during a sustained advance.,Volume should be checked around the marked buy/add areas for confirmation.,Relative strength line generally confirms leadership during the advance.,"Use only the marked base breakout, pullback, or add-on area; avoid late entries after extension.","Several examples later mark climax or extended areas, so entry quality still requires sell-rule discipline.",Early-stage growth leaders often offer their best entries after a constructive base and before the move is widely obvious.,Book chart notes a 680% advance in 158 weeks.,medium,labeled_seed
canslim-032,Chart Setups/Screenshot 2026-06-27 at 5.54.41 PM.png,Screenshot 2026-06-27 at 5.54.41 PM.png,3d85f3b000b7c708f173263325b348efacfdd15a7f11f59a4b9f681f4a0210af,3644,2370,42,,high tight flag; base breakout,Syntex,weekly,Annotated weekly model-book leader example with one or more constructive bases during a sustained advance.,Volume should be checked around the marked buy/add areas for confirmation.,Relative strength line generally confirms leadership during the advance.,"Use only the marked base breakout, pullback, or add-on area; avoid late entries after extension.","Several examples later mark climax or extended areas, so entry quality still requires sell-rule discipline.","Very powerful leaders can form high tight areas, but they require unusually strong price and volume confirmation.",Book chart notes a 451% advance in 25 weeks.,medium,labeled_seed
canslim-033,Chart Setups/Screenshot 2026-06-27 at 5.54.44 PM.png,Screenshot 2026-06-27 at 5.54.44 PM.png,64540d1432fee25d02c3deac4562c74c94580dfdfe29c80c94970c5b25e941e4,3644,2370,43,,base breakout; climactic advance,Rollins,weekly,Annotated weekly model-book leader example with one or more constructive bases during a sustained advance.,Volume should be checked around the marked buy/add areas for confirmation.,Relative strength line generally confirms leadership during the advance.,"Use only the marked base breakout, pullback, or add-on area; avoid late entries after extension.","Several examples later mark climax or extended areas, so entry quality still requires sell-rule discipline.","A quiet base can produce a fast advance, but vertical moves need disciplined sell rules.",Book chart notes a 254% advance in 35 weeks.,medium,labeled_seed
canslim-034,Chart Setups/Screenshot 2026-06-27 at 5.54.50 PM.png,Screenshot 2026-06-27 at 5.54.50 PM.png,a4dacd6075366819b4356f32b736b00be8f5c55430f57eb4ae664ac6e7c376b4,3644,2370,44,,base breakout; add-ons,Simmonds Precision Products,weekly,Annotated weekly model-book leader example with one or more constructive bases during a sustained advance.,Volume should be checked around the marked buy/add areas for confirmation.,Relative strength line generally confirms leadership during the advance.,"Use only the marked base breakout, pullback, or add-on area; avoid late entries after extension.","Several examples later mark climax or extended areas, so entry quality still requires sell-rule discipline.",Strong earnings/relative strength context plus decisive price action can produce rapid leader moves.,Book chart notes a 672% advance in 28 weeks.,medium,labeled_seed
canslim-035,Chart Setups/Screenshot 2026-06-27 at 5.54.54 PM.png,Screenshot 2026-06-27 at 5.54.54 PM.png,90033819548f91ce9850d71c105930e112cabacb46c69f04a39c523ed28d8e22,3644,2370,45,,base breakout; 10-week support,Monogram Industries,weekly,Annotated weekly model-book leader example with one or more constructive bases during a sustained advance.,Volume should be checked around the marked buy/add areas for confirmation.,Relative strength line generally confirms leadership during the advance.,"Use only the marked base breakout, pullback, or add-on area; avoid late entries after extension.","Several examples later mark climax or extended areas, so entry quality still requires sell-rule discipline.",Support and add points around the 10-week line can help manage a fast leader after the initial breakout.,Book chart notes an 807% advance in 57 weeks.,medium,labeled_seed
canslim-036,Chart Setups/Screenshot 2026-06-27 at 5.54.56 PM.png,Screenshot 2026-06-27 at 5.54.56 PM.png,1b01c5a7aa7236cc019995c38dcd356ba514345799323806e261971c5550c84a,3644,2370,46,,base breakout; pullback add-on,Digital Equipment,weekly,Annotated weekly model-book leader example with one or more constructive bases during a sustained advance.,Volume should be checked around the marked buy/add areas for confirmation.,Relative strength line generally confirms leadership during the advance.,"Use only the marked base breakout, pullback, or add-on area; avoid late entries after extension.","Several examples later mark climax or extended areas, so entry quality still requires sell-rule discipline.",A new technology leader can become a long winner when bases form above rising moving averages.,Book chart notes a 1343% advance in 156 weeks.,medium,labeled_seed
canslim-037,Chart Setups/Screenshot 2026-06-27 at 5.54.58 PM.png,Screenshot 2026-06-27 at 5.54.58 PM.png,b33879a905ce51b371258003269d88ee26ff391c16a81453de9421e260b529d2,3644,2370,47,,long base breakout; sell-rule example,Loews,weekly,Annotated weekly model-book leader example with one or more constructive bases during a sustained advance.,Volume should be checked around the marked buy/add areas for confirmation.,Relative strength line generally confirms leadership during the advance.,"Use only the marked base breakout, pullback, or add-on area; avoid late entries after extension.","Several examples later mark climax or extended areas, so entry quality still requires sell-rule discipline.",The model shows both entry discipline during the base and exit discipline after the advance matures.,Book chart notes a 1023% advance in 101 weeks.,medium,labeled_seed
canslim-038,Chart Setups/Screenshot 2026-06-27 at 5.55.01 PM.png,Screenshot 2026-06-27 at 5.55.01 PM.png,5338dba84ed1265e76985567efb8ef1f92a1b28afa7212cde9a8714a5a3d2b8d,190,86,,,non-chart artifact,,,Image appears to be a file-display placeholder rather than a chart screenshot.,,,,Exclude from model-example counts.,Not usable as a chart model example.,,high,exclude
canslim-039,Chart Setups/Screenshot 2026-06-27 at 5.55.08 PM.png,Screenshot 2026-06-27 at 5.55.08 PM.png,9a21619216cec6d3790f6c3fe67dee010814fa62d6765138e3ae08474e31c821,3644,2370,49,,base breakout; 10-week support,Skyline,weekly,Annotated weekly model-book leader example with one or more constructive bases during a sustained advance.,Volume should be checked around the marked buy/add areas for confirmation.,Relative strength line generally confirms leadership during the advance.,"Use only the marked base breakout, pullback, or add-on area; avoid late entries after extension.","Several examples later mark climax or extended areas, so entry quality still requires sell-rule discipline.",Constructive bases and controlled support at moving averages can sustain a large advance.,Book chart notes a 715% advance in 98 weeks.,medium,labeled_seed
canslim-040,Chart Setups/Screenshot 2026-06-27 at 5.55.11 PM.png,Screenshot 2026-06-27 at 5.55.11 PM.png,0fd7f515125c8a16a4c2556b24891f210c04aa760ea251954ff216dab83603b8,3644,2370,50,,base breakout; add-on bases,Redman Industries,weekly,Annotated weekly model-book leader example with one or more constructive bases during a sustained advance.,Volume should be checked around the marked buy/add areas for confirmation.,Relative strength line generally confirms leadership during the advance.,"Use only the marked base breakout, pullback, or add-on area; avoid late entries after extension.","Several examples later mark climax or extended areas, so entry quality still requires sell-rule discipline.",Repeated tight setups during an advance can provide add points when the stock stays under institutional accumulation.,Book chart notes a 683% advance in 49 weeks.,medium,labeled_seed
canslim-041,Chart Setups/Screenshot 2026-06-27 at 5.55.15 PM.png,Screenshot 2026-06-27 at 5.55.15 PM.png,f96f584a055405877df9d156f3497b39601e3f422149588b5a78e1c7e760a44c,3644,2370,51,,base breakout; add-on entries,Levitz Furniture,weekly,Annotated weekly model-book leader example with one or more constructive bases during a sustained advance.,Volume should be checked around the marked buy/add areas for confirmation.,Relative strength line generally confirms leadership during the advance.,"Use only the marked base breakout, pullback, or add-on area; avoid late entries after extension.","Several examples later mark climax or extended areas, so entry quality still requires sell-rule discipline.",A long winner can offer several lower-risk entries as long as each one has a nearby invalidation point.,Book chart notes a 608% advance in 87 weeks.,medium,labeled_seed
canslim-042,Chart Setups/Screenshot 2026-06-27 at 5.55.19 PM.png,Screenshot 2026-06-27 at 5.55.19 PM.png,8c328498cca4e320090bc2ae3ca998b9a12b9f4a73475acfd004ade1cffb52e4,3644,2370,52,,cup with handle; trendline entry,Rite Aid,weekly,Annotated weekly model-book leader example with one or more constructive bases during a sustained advance.,Volume should be checked around the marked buy/add areas for confirmation.,Relative strength line generally confirms leadership during the advance.,"Use only the marked base breakout, pullback, or add-on area; avoid late entries after extension.","Several examples later mark climax or extended areas, so entry quality still requires sell-rule discipline.",A cup-with-handle plus rising relative strength can mark an actionable leadership setup.,Book chart notes a 421% advance in 71 weeks.,medium,labeled_seed
canslim-043,Chart Setups/Screenshot 2026-06-27 at 5.55.21 PM.png,Screenshot 2026-06-27 at 5.55.21 PM.png,332687dd1241e55285167705ad5ee1e024845334607d02e4c1eff12e10e8f445,3644,2370,53,,long base; add-on entries,McDonald's,weekly,Annotated weekly model-book leader example with one or more constructive bases during a sustained advance.,Volume should be checked around the marked buy/add areas for confirmation.,Relative strength line generally confirms leadership during the advance.,"Use only the marked base breakout, pullback, or add-on area; avoid late entries after extension.","Several examples later mark climax or extended areas, so entry quality still requires sell-rule discipline.",A long base can be valid when the stock emerges with improving price strength and then respects follow-on support.,Book chart notes a 422% advance in 108 weeks.,medium,labeled_seed
canslim-044,Chart Setups/Screenshot 2026-06-27 at 5.55.38 PM.png,Screenshot 2026-06-27 at 5.55.38 PM.png,9ea8c2e2116ddba3b2601d30e757d6c687f17b7e468dac5a07018238387efb17,3644,2370,55,,deep base; high-risk leader,Sea Containers,weekly,Annotated weekly model-book leader example with one or more constructive bases during a sustained advance.,Volume should be checked around the marked buy/add areas for confirmation.,Relative strength line generally confirms leadership during the advance.,"Use only the marked base breakout, pullback, or add-on area; avoid late entries after extension.","Several examples later mark climax or extended areas, so entry quality still requires sell-rule discipline.","Deep or volatile leaders require extra selectivity; the reward can be large, but the setup must still define risk.",Book chart notes a 4048% advance in 389 weeks.,medium,labeled_seed
canslim-045,Chart Setups/Screenshot 2026-06-27 at 5.55.55 PM.png,Screenshot 2026-06-27 at 5.55.55 PM.png,f66a698df163fca6f55414243c4e8226c87938c5557463da1074013279402774,3644,2370,56,,cup with handle; add-ons,FlightSafety International,weekly,Annotated weekly model-book leader example with one or more constructive bases during a sustained advance.,Volume should be checked around the marked buy/add areas for confirmation.,Relative strength line generally confirms leadership during the advance.,"Use only the marked base breakout, pullback, or add-on area; avoid late entries after extension.","Several examples later mark climax or extended areas, so entry quality still requires sell-rule discipline.",Quiet handles and 10-week support can help separate normal pullbacks from failed moves.,Book chart notes a 958% advance in 195 weeks.,medium,labeled_seed
canslim-046,Chart Setups/Screenshot 2026-06-27 at 5.55.58 PM.png,Screenshot 2026-06-27 at 5.55.58 PM.png,3e9804f732be6da15bceed9ec3e74fe588836573bdfa422ee32676dc63e857cc,3644,2370,57,,base breakout; add-on bases,Wang Laboratories,weekly,Annotated weekly model-book leader example with one or more constructive bases during a sustained advance.,Volume should be checked around the marked buy/add areas for confirmation.,Relative strength line generally confirms leadership during the advance.,"Use only the marked base breakout, pullback, or add-on area; avoid late entries after extension.","Several examples later mark climax or extended areas, so entry quality still requires sell-rule discipline.",A technology leader can run through several constructive consolidations when demand remains persistent.,Book chart notes a 1348% advance in 138 weeks.,medium,labeled_seed
canslim-047,Chart Setups/Screenshot 2026-06-27 at 5.56.01 PM.png,Screenshot 2026-06-27 at 5.56.01 PM.png,7871526472ec50688c7affc22edf9ab7fed09ace8bb75ba83bbce71a92d95d05,3644,2370,58,,speculative leader; climax top,Resorts International,weekly,Annotated weekly model-book leader example with one or more constructive bases during a sustained advance.,Volume should be checked around the marked buy/add areas for confirmation.,Relative strength line generally confirms leadership during the advance.,"Use only the marked base breakout, pullback, or add-on area; avoid late entries after extension.","Several examples later mark climax or extended areas, so entry quality still requires sell-rule discipline.","Speculative leaders can move extremely fast, so position management and climax-top recognition matter as much as entry.",Book chart notes a 6330% advance in 74 weeks.,medium,labeled_seed
canslim-048,Chart Setups/Screenshot 2026-06-27 at 5.56.27 PM.png,Screenshot 2026-06-27 at 5.56.27 PM.png,5b82a20f119cfb069d9aa8d72d1b169c483422e3d4211f1ceb7a55e3a49692fd,3644,2370,59,,base breakout; add-ons,Texas Oil & Gas,weekly,Annotated weekly model-book leader example with one or more constructive bases during a sustained advance.,Volume should be checked around the marked buy/add areas for confirmation.,Relative strength line generally confirms leadership during the advance.,"Use only the marked base breakout, pullback, or add-on area; avoid late entries after extension.","Several examples later mark climax or extended areas, so entry quality still requires sell-rule discipline.","Commodity-related leaders still need the same base, volume, and risk-location discipline.",Book chart notes a 529% advance in 101 weeks.,medium,labeled_seed
canslim-049,Chart Setups/Screenshot 2026-06-27 at 5.56.29 PM.png,Screenshot 2026-06-27 at 5.56.29 PM.png,c435effa317ca8546fc0a8bcddb2e3d463505eccc0f27caf6f356ac34a043952,3644,2370,60,,base breakout; add-ons,Global Marine,weekly,Annotated weekly model-book leader example with one or more constructive bases during a sustained advance.,Volume should be checked around the marked buy/add areas for confirmation.,Relative strength line generally confirms leadership during the advance.,"Use only the marked base breakout, pullback, or add-on area; avoid late entries after extension.","Several examples later mark climax or extended areas, so entry quality still requires sell-rule discipline.",An industry leader can build a series of add-on opportunities when group strength and price action align.,Book chart notes a 782% advance in 94 weeks.,medium,labeled_seed
canslim-050,Chart Setups/Screenshot 2026-06-27 at 5.56.32 PM.png,Screenshot 2026-06-27 at 5.56.32 PM.png,98d30065145ebeca41603e03465033d18ef5562925c48bf037d7e943f5f326ab,3644,2370,61,,base breakout; long leader run,Pic N Save,weekly,Annotated weekly model-book leader example with one or more constructive bases during a sustained advance.,Volume should be checked around the marked buy/add areas for confirmation.,Relative strength line generally confirms leadership during the advance.,"Use only the marked base breakout, pullback, or add-on area; avoid late entries after extension.","Several examples later mark climax or extended areas, so entry quality still requires sell-rule discipline.",Retail leaders can compound for years when bases remain orderly and sell signals are respected.,Book chart notes a 564% advance in 206 weeks.,medium,labeled_seed
canslim-051,Chart Setups/Screenshot 2026-06-27 at 5.56.34 PM.png,Screenshot 2026-06-27 at 5.56.34 PM.png,4e9df21a2ce6d18ba55af452e465fb008d80ffe40d0dfd7aad85bf2c9cb8897f,3644,2370,62,,base breakout; add-ons,Wal-Mart Stores,weekly,Annotated weekly model-book leader example with one or more constructive bases during a sustained advance.,Volume should be checked around the marked buy/add areas for confirmation.,Relative strength line generally confirms leadership during the advance.,"Use only the marked base breakout, pullback, or add-on area; avoid late entries after extension.","Several examples later mark climax or extended areas, so entry quality still requires sell-rule discipline.",Large retail winners often advance through repeated base breakouts and controlled pullbacks.,Book chart notes an 882% advance in 158 weeks.,medium,labeled_seed
canslim-052,Chart Setups/Screenshot 2026-06-27 at 5.56.37 PM.png,Screenshot 2026-06-27 at 5.56.37 PM.png,6d8329f55a06c8b5c0537a904f6d71644313333ce1476bfc2ff46cc647383cb2,3644,2370,63,,base breakout; high tight area,The Limited,weekly,Annotated weekly model-book leader example with one or more constructive bases during a sustained advance.,Volume should be checked around the marked buy/add areas for confirmation.,Relative strength line generally confirms leadership during the advance.,"Use only the marked base breakout, pullback, or add-on area; avoid late entries after extension.","Several examples later mark climax or extended areas, so entry quality still requires sell-rule discipline.","Strong retail leaders may form tight, powerful continuation areas after an initial breakout.",Book chart notes a 673% advance in 71 weeks.,medium,labeled_seed
canslim-053,Chart Setups/Screenshot 2026-06-27 at 5.56.45 PM.png,Screenshot 2026-06-27 at 5.56.45 PM.png,d8643627d98a9f8c50d65c5a8ce8b60a2f50dc07ca7de6fbdc0834ef809f9bf6,3644,2370,64,,IPO base; base breakout,Home Depot,weekly,Annotated weekly model-book leader example with one or more constructive bases during a sustained advance.,Volume should be checked around the marked buy/add areas for confirmation.,Relative strength line generally confirms leadership during the advance.,"Use only the marked base breakout, pullback, or add-on area; avoid late entries after extension.","Several examples later mark climax or extended areas, so entry quality still requires sell-rule discipline.",New public leaders can produce major moves from early bases when growth and demand are clear.,Book chart notes an 892% advance in 64 weeks.,medium,labeled_seed
canslim-054,Chart Setups/Screenshot 2026-06-27 at 5.56.48 PM.png,Screenshot 2026-06-27 at 5.56.48 PM.png,507f49db6f2f7afd8445e5f5081ae78a56663f2ad5b2c5cb6a57b4bd9de5cd17,3644,2370,65,,base breakout; add-on bases,Price Co.,weekly,Annotated weekly model-book leader example with one or more constructive bases during a sustained advance.,Volume should be checked around the marked buy/add areas for confirmation.,Relative strength line generally confirms leadership during the advance.,"Use only the marked base breakout, pullback, or add-on area; avoid late entries after extension.","Several examples later mark climax or extended areas, so entry quality still requires sell-rule discipline.","A leader can offer several entries during an advance, but each must be judged against base quality and extension.",Book chart notes a 417% advance in 60 weeks.,medium,labeled_seed
canslim-055,Chart Setups/Screenshot 2026-06-27 at 5.56.52 PM.png,Screenshot 2026-06-27 at 5.56.52 PM.png,d94d1d1c50576a3600b02fb028f347717f291317d7ee79741965d4210205529a,3644,2370,66,,base breakout; 10-week add-ons,Stop & Shop,weekly,Annotated weekly model-book leader example with one or more constructive bases during a sustained advance.,Volume should be checked around the marked buy/add areas for confirmation.,Relative strength line generally confirms leadership during the advance.,"Use only the marked base breakout, pullback, or add-on area; avoid late entries after extension.","Several examples later mark climax or extended areas, so entry quality still requires sell-rule discipline.",Pullbacks to rising moving averages can be usable only when the broader setup remains intact.,Book chart notes a 536% advance in 74 weeks.,medium,labeled_seed
canslim-056,Chart Setups/Screenshot 2026-06-27 at 5.56.55 PM.png,Screenshot 2026-06-27 at 5.56.55 PM.png,c08227226c49393e7ca16f648613ef3774bdc8794c1b23e94e8e2ed0a26a354e,3644,2370,67,,base breakout; fast leader,Digital Switch,weekly,Annotated weekly model-book leader example with one or more constructive bases during a sustained advance.,Volume should be checked around the marked buy/add areas for confirmation.,Relative strength line generally confirms leadership during the advance.,"Use only the marked base breakout, pullback, or add-on area; avoid late entries after extension.","Several examples later mark climax or extended areas, so entry quality still requires sell-rule discipline.",Fast leaders demand early entry and clear sell rules because later entry points become extended quickly.,Book chart notes an 843% advance in 46 weeks.,medium,labeled_seed
canslim-057,Chart Setups/Screenshot 2026-06-27 at 5.56.58 PM.png,Screenshot 2026-06-27 at 5.56.58 PM.png,ec204e8daa17fab6370f9fa9ab9a960bc8347eb0aa4beeddb3408ca44688c1b0,3644,2370,68,,cup with handle; base breakout,Pulte Home,weekly,Annotated weekly model-book leader example with one or more constructive bases during a sustained advance.,Volume should be checked around the marked buy/add areas for confirmation.,Relative strength line generally confirms leadership during the advance.,"Use only the marked base breakout, pullback, or add-on area; avoid late entries after extension.","Several examples later mark climax or extended areas, so entry quality still requires sell-rule discipline.",A cyclical leader can be actionable when the base is proper and breakout demand is visible.,Book chart notes a 733% advance in 47 weeks.,medium,labeled_seed
canslim-058,Chart Setups/Screenshot 2026-06-27 at 5.57.04 PM.png,Screenshot 2026-06-27 at 5.57.04 PM.png,246a35f18ef8a8e311e6ad8d44a579b33dd376ce1ab169e7ffe154a7879b6a3d,3644,2370,69,,base breakout; add-on entries,Liz Claiborne,weekly,Annotated weekly model-book leader example with one or more constructive bases during a sustained advance.,Volume should be checked around the marked buy/add areas for confirmation.,Relative strength line generally confirms leadership during the advance.,"Use only the marked base breakout, pullback, or add-on area; avoid late entries after extension.","Several examples later mark climax or extended areas, so entry quality still requires sell-rule discipline.",Even shorter leader moves can be useful models when the entry and risk point are clean.,Book chart notes a 211% advance in 43 weeks.,medium,labeled_seed
canslim-059,Chart Setups/Screenshot 2026-06-27 at 5.57.06 PM.png,Screenshot 2026-06-27 at 5.57.06 PM.png,1e9ef47d2cb35ca25089730c3b92448ba9945f0918f1f346be134f92db54ee4e,3644,2370,70,,base breakout; add-ons,Franklin Resources,weekly,Annotated weekly model-book leader example with one or more constructive bases during a sustained advance.,Volume should be checked around the marked buy/add areas for confirmation.,Relative strength line generally confirms leadership during the advance.,"Use only the marked base breakout, pullback, or add-on area; avoid late entries after extension.","Several examples later mark climax or extended areas, so entry quality still requires sell-rule discipline.",Financial leaders can run strongly when earnings acceleration and base breakouts align.,Book chart notes an 811% advance in 78 weeks.,medium,labeled_seed
canslim-060,Chart Setups/Screenshot 2026-06-27 at 5.57.19 PM.png,Screenshot 2026-06-27 at 5.57.19 PM.png,fb404b3559576c16a5247433f7edd74865e747a2f3e9d9731f67a508730c9849,3644,2370,71,,IPO/base breakout; fast leader,Microsoft,weekly,Early Microsoft leader example with a base breakout and rapid advance.,Volume should be checked around the marked buy/add areas for confirmation.,Relative strength line generally confirms leadership during the advance.,"Use only the marked base breakout, pullback, or add-on area; avoid late entries after extension.","Several examples later mark climax or extended areas, so entry quality still requires sell-rule discipline.",Early entries in exceptional growth leaders can matter more than waiting for obvious consensus.,Book chart notes a 272% advance in 30 weeks.,medium,labeled_seed
canslim-061,Chart Setups/Screenshot 2026-06-27 at 5.57.22 PM.png,Screenshot 2026-06-27 at 5.57.22 PM.png,79ef654c882f4516500db6063b715af7d7dc8966134eb7e1adb2d7f1ba6d9f56,3644,2370,72,,IPO/base breakout; fast leader,Adobe Systems,weekly,Annotated weekly model-book leader example with one or more constructive bases during a sustained advance.,Volume should be checked around the marked buy/add areas for confirmation.,Relative strength line generally confirms leadership during the advance.,"Use only the marked base breakout, pullback, or add-on area; avoid late entries after extension.","Several examples later mark climax or extended areas, so entry quality still requires sell-rule discipline.",Young software leaders can advance quickly after proper early bases; late entries carry higher risk.,Book chart notes a 307% advance in 23 weeks.,medium,labeled_seed
canslim-062,Chart Setups/Screenshot 2026-06-27 at 5.57.25 PM.png,Screenshot 2026-06-27 at 5.57.25 PM.png,b7eb417b142ae8441df59945d54e45b40bfc8cb7bcaaf1989a857386425374d1,3644,2370,73,,base breakout; long leader run,Costco Wholesale,weekly,Annotated weekly model-book leader example with one or more constructive bases during a sustained advance.,Volume should be checked around the marked buy/add areas for confirmation.,Relative strength line generally confirms leadership during the advance.,"Use only the marked base breakout, pullback, or add-on area; avoid late entries after extension.","Several examples later mark climax or extended areas, so entry quality still requires sell-rule discipline.",High-quality retail leaders can build many add-on areas if the long-term trend remains intact.,Book chart notes a 712% advance in 163 weeks.,medium,labeled_seed
canslim-063,Chart Setups/Screenshot 2026-06-27 at 5.57.36 PM.png,Screenshot 2026-06-27 at 5.57.36 PM.png,88b59295a044eba285d4adce70ec709355a9441c532555eefc63a773ecedf37f,3644,2370,74,,long base; add-on entries,Microsoft,weekly,Annotated weekly model-book leader example with one or more constructive bases during a sustained advance.,Volume should be checked around the marked buy/add areas for confirmation.,Relative strength line generally confirms leadership during the advance.,"Use only the marked base breakout, pullback, or add-on area; avoid late entries after extension.","Several examples later mark climax or extended areas, so entry quality still requires sell-rule discipline.",A proven leader can build a second major run from later bases when growth and relative strength persist.,Book chart notes a 571% advance in 121 weeks.,medium,labeled_seed
canslim-064,Chart Setups/Screenshot 2026-06-27 at 5.57.39 PM.png,Screenshot 2026-06-27 at 5.57.39 PM.png,56edb20a7fc64b8b622fd6b5dd9d5fff50a47ea56fc03ec277390e1a83671359,3644,2370,75,,base breakout; add-ons,American Power Conversion,weekly,Annotated weekly model-book leader example with one or more constructive bases during a sustained advance.,Volume should be checked around the marked buy/add areas for confirmation.,Relative strength line generally confirms leadership during the advance.,"Use only the marked base breakout, pullback, or add-on area; avoid late entries after extension.","Several examples later mark climax or extended areas, so entry quality still requires sell-rule discipline.",Strong leaders often retest or pause near moving averages; add only when structure and demand remain favorable.,Book chart notes a 745% advance in 96 weeks.,medium,labeled_seed
canslim-065,Chart Setups/Screenshot 2026-06-27 at 5.57.42 PM.png,Screenshot 2026-06-27 at 5.57.42 PM.png,2757ceaf12d8cdd7624f9bb44017aae7317d2f242b3a109a69f4c2a193c20a91,3644,2370,76,,base breakout; add-ons,Amgen,weekly,Annotated weekly model-book leader example with one or more constructive bases during a sustained advance.,Volume should be checked around the marked buy/add areas for confirmation.,Relative strength line generally confirms leadership during the advance.,"Use only the marked base breakout, pullback, or add-on area; avoid late entries after extension.","Several examples later mark climax or extended areas, so entry quality still requires sell-rule discipline.","Biotech leaders can trend powerfully, but bases and pullbacks must be judged with extra attention to volatility.",Book chart notes a 681% advance in 96 weeks.,medium,labeled_seed
canslim-066,Chart Setups/Screenshot 2026-06-27 at 5.57.44 PM.png,Screenshot 2026-06-27 at 5.57.44 PM.png,30aeea267210c16912f0cd7d26a874438652def8b9932a7f073c0d95a3efcca5,3644,2370,77,,base breakout; add-ons,United States Surgical,weekly,Annotated weekly model-book leader example with one or more constructive bases during a sustained advance.,Volume should be checked around the marked buy/add areas for confirmation.,Relative strength line generally confirms leadership during the advance.,"Use only the marked base breakout, pullback, or add-on area; avoid late entries after extension.","Several examples later mark climax or extended areas, so entry quality still requires sell-rule discipline.",Healthcare leaders can build multiple bases; the best entries keep risk close to the pivot or 10-week line.,Book chart notes a 786% advance in 93 weeks.,medium,labeled_seed
canslim-067,Chart Setups/Screenshot 2026-06-27 at 5.57.56 PM.png,Screenshot 2026-06-27 at 5.57.56 PM.png,6a84bb8b1b35e5ae98aef99daf65c07f0d63f1dfbca2e3558ec58aff23f2bd8b,3644,2370,80,,base breakout; 3-weeks-tight,JLG Industries,weekly,Annotated weekly model-book leader example with one or more constructive bases during a sustained advance.,Volume should be checked around the marked buy/add areas for confirmation.,Relative strength line generally confirms leadership during the advance.,"Use only the marked base breakout, pullback, or add-on area; avoid late entries after extension.","Several examples later mark climax or extended areas, so entry quality still requires sell-rule discipline.",Tight price areas during an uptrend can become add-on points when supported by volume and trend.,Book chart notes a 670% advance in 53 weeks.,medium,labeled_seed
canslim-068,Chart Setups/Screenshot 2026-06-27 at 5.58.09 PM.png,Screenshot 2026-06-27 at 5.58.09 PM.png,a22a4e6993ea882957a03ca092ab687cabdee501ff0a5c6235b3f0699783c190,3644,2370,81,,base breakout; late-stage sell area,Charles Schwab,weekly,Annotated weekly model-book leader example with one or more constructive bases during a sustained advance.,Volume should be checked around the marked buy/add areas for confirmation.,Relative strength line generally confirms leadership during the advance.,"Use only the marked base breakout, pullback, or add-on area; avoid late entries after extension.","Several examples later mark climax or extended areas, so entry quality still requires sell-rule discipline.","Powerful financial leaders can move fast, making late-stage extension and sell-rule discipline critical.",Book chart notes a 408% advance in 26 weeks.,medium,labeled_seed
canslim-069,Chart Setups/Screenshot 2026-06-27 at 5.58.16 PM.png,Screenshot 2026-06-27 at 5.58.16 PM.png,7d932ff5f3489e41abb764fab66a761586f29366e50fa477f07c5e4eeb3c0618,3644,2370,82,,base breakout; fast internet leader,America Online,weekly,Annotated weekly model-book leader example with one or more constructive bases during a sustained advance.,Volume should be checked around the marked buy/add areas for confirmation.,Relative strength line generally confirms leadership during the advance.,"Use only the marked base breakout, pullback, or add-on area; avoid late entries after extension.","Several examples later mark climax or extended areas, so entry quality still requires sell-rule discipline.","Hyper-growth leaders can accelerate quickly from proper bases, but late entries after vertical moves are dangerous.",Book chart notes a 456% advance in 23 weeks.,medium,labeled_seed
canslim-070,Chart Setups/Screenshot 2026-06-27 at 5.58.27 PM.png,Screenshot 2026-06-27 at 5.58.27 PM.png,3ad643448f7d12183ffd0673b95867a0ec0fb2d798b591959aedaf0acca4bba6,3644,2370,90,,cup with handle; add-on bases,Southwestern Energy,weekly,Annotated weekly model-book leader example with one or more constructive bases during a sustained advance.,Volume should be checked around the marked buy/add areas for confirmation.,Relative strength line generally confirms leadership during the advance.,"Use only the marked base breakout, pullback, or add-on area; avoid late entries after extension.","Several examples later mark climax or extended areas, so entry quality still requires sell-rule discipline.","Energy leaders can offer proper bases and add-on points when price, volume, and group strength align.",Book chart notes a 565% advance in 83 weeks.,medium,labeled_seed
canslim-071,Chart Setups/Screenshot 2026-06-27 at 5.58.50 PM.png,Screenshot 2026-06-27 at 5.58.50 PM.png,3b78b86897d1fc44a35514869c96ca273ad728a02624cd4c0ee880854d98d6e1,3644,2370,105,,base breakout; tight action,Precision Castparts,weekly,Annotated weekly model-book leader example with one or more constructive bases during a sustained advance.,Volume should be checked around the marked buy/add areas for confirmation.,Relative strength line generally confirms leadership during the advance.,"Use only the marked base breakout, pullback, or add-on area; avoid late entries after extension.","Several examples later mark climax or extended areas, so entry quality still requires sell-rule discipline.",A more orderly leader can still be valuable when entries are taken from clean bases and tight support areas.,Book chart notes a 259% advance in 115 weeks.,medium,labeled_seed
canslim-072,Chart Setups/Screenshot 2026-06-27 at 5.58.53 PM.png,Screenshot 2026-06-27 at 5.58.53 PM.png,fcd01d385748e3818d4f740f7d541b5d25ee044a64a672619fd6b2fa0ef9f326,3644,2370,106,,IPO/base breakout; add-ons,Intuitive Surgical,weekly,Annotated weekly model-book leader example with one or more constructive bases during a sustained advance.,Volume should be checked around the marked buy/add areas for confirmation.,Relative strength line generally confirms leadership during the advance.,"Use only the marked base breakout, pullback, or add-on area; avoid late entries after extension.","Several examples later mark climax or extended areas, so entry quality still requires sell-rule discipline.",Innovative growth leaders can form early bases and later continuation setups; each add should be tied to structure.,Book chart notes a 418% advance in 123 weeks.,medium,labeled_seed
canslim-073,Chart Setups/Screenshot 2026-06-27 at 5.58.56 PM.png,Screenshot 2026-06-27 at 5.58.56 PM.png,ef74d1119515718583ed882a1039c10f38c519529cdbb6a8b5292a836e507a9e,3644,2370,108,,IPO/base breakout; climax sell area,First Solar,weekly,Annotated weekly model-book leader example with one or more constructive bases during a sustained advance.,Volume should be checked around the marked buy/add areas for confirmation.,Relative strength line generally confirms leadership during the advance.,"Use only the marked base breakout, pullback, or add-on area; avoid late entries after extension.","Several examples later mark climax or extended areas, so entry quality still requires sell-rule discipline.","A spectacular leader can still require strict entry and sell discipline, especially after a steep late-stage run.",Book chart notes an 807% advance in 47 weeks.,medium,labeled_seed
